idx	gzip	fixed_gain	fixed_loss	preq_gain	preq_length	preq_floor	preq_baseline	req_gain	req_length	req_floor	req_baseline
0	0.6049	0.0410	1.6155	0.1608	54.4492	0.6078	1.6931	0.1609	54.4440	0.6063	1.6914
1	0.4917	0.0696	1.1741	0.2028	50.5084	0.3679	1.2454	0.2029	50.5072	0.3671	1.2445
2	0.2104	0.0000	0.0063	0.7848	31.1282	0.0590	0.1983	0.7852	31.1271	0.0588	0.1982
3	0.4396	0.0892	0.7714	0.2183	40.4776	0.2571	0.9270	0.2184	40.4775	0.2568	0.9265
4	0.6139	0.0351	1.7819	0.1682	61.9515	0.6628	1.8421	0.1684	61.9729	0.6603	1.8397
5	0.6000	0.0148	1.5772	0.1724	55.6685	0.6588	1.6142	0.1726	55.6169	0.6562	1.6113
6	0.4799	0.0962	0.2542	0.2593	34.5590	0.1877	0.6663	0.2594	34.5473	0.1874	0.6660
7	0.5194	0.0217	1.1720	0.2145	53.1397	0.4756	1.2384	0.2148	53.1326	0.4741	1.2366
8	0.1403	0.0000	0.0054	0.7430	22.9663	0.0333	0.1545	0.7430	22.9527	0.0334	0.1545
9	0.4764	0.0521	0.8768	0.2231	45.4190	0.3080	1.0180	0.2232	45.4423	0.3075	1.0181
10	0.5542	0.0195	1.4706	0.1455	43.6042	0.7834	1.4985	0.1457	43.5913	0.7810	1.4961
11	0.6167	0.0132	1.7199	0.1608	56.1164	0.6764	1.7448	0.1609	56.1015	0.6752	1.7434
12	0.5417	0.2237	0.8471	0.1922	47.2887	0.3762	1.2299	0.1924	47.2729	0.3754	1.2288
13	0.6465	0.0264	1.8744	0.1579	61.5536	0.7219	1.9487	0.1581	61.5735	0.7206	1.9477
14	0.4264	0.2263	0.2169	0.3026	36.7915	0.1571	0.6079	0.3033	36.7565	0.1557	0.6059
15	0.2826	0.0561	0.0189	0.4654	32.0900	0.0878	0.3448	0.4666	32.0950	0.0873	0.3440
16	0.4958	0.0232	1.1639	0.1868	45.9989	0.4966	1.2310	0.1872	46.0015	0.4943	1.2290
17	0.6125	0.0203	1.6984	0.1571	54.3316	0.6560	1.7291	0.1574	54.3566	0.6535	1.7267
18	0.4958	0.0655	1.0902	0.1602	38.9602	0.4719	1.2162	0.1604	38.9450	0.4695	1.2138
19	0.5833	0.0149	1.6559	0.1702	57.2798	0.6329	1.6824	0.1706	57.3073	0.6294	1.6795
20	0.5819	0.0411	1.4759	0.1825	56.1507	0.4627	1.5385	0.1826	56.1451	0.4619	1.5377
21	0.3181	0.3874	0.3295	0.2875	35.6740	0.1196	0.6205	0.2875	35.6727	0.1196	0.6204
22	0.5125	0.0601	1.2892	0.1684	50.3847	0.4419	1.4960	0.1685	50.3718	0.4408	1.4950
23	0.6417	0.0360	1.8894	0.1718	67.4171	0.6405	1.9620	0.1719	67.4266	0.6392	1.9608
24	0.5181	0.0136	1.0813	0.1432	33.3530	0.7083	1.1649	0.1434	33.3590	0.7065	1.1631
25	0.6021	0.0295	1.6633	0.1750	59.9923	0.6397	1.7143	0.1752	59.9797	0.6373	1.7116
26	0.5785	0.0167	1.4782	0.1867	56.9818	0.5496	1.5258	0.1868	56.9775	0.5486	1.5248
27	0.5007	0.0499	0.7655	0.2562	47.0317	0.3266	0.9179	0.2563	47.0248	0.3261	0.9173
28	0.5125	0.0359	1.1368	0.1901	47.3372	0.4275	1.2452	0.1902	47.3095	0.4265	1.2439
29	0.4993	0.1146	1.0469	0.1953	47.1968	0.2630	1.2081	0.1955	47.2033	0.2622	1.2074
30	0.2278	0.0194	0.2055	0.4811	32.4521	0.0749	0.3373	0.4812	32.4591	0.0748	0.3373
31	0.4938	0.0693	1.0692	0.1767	40.5523	0.5061	1.1475	0.1769	40.5367	0.5046	1.1460
32	0.4806	0.0258	0.7257	0.2631	45.3606	0.3689	0.8620	0.2634	45.3510	0.3679	0.8608
33	0.6174	0.0163	1.7103	0.1405	49.0047	0.8205	1.7443	0.1406	49.0212	0.8190	1.7431
34	0.5049	0.0222	0.9845	0.2019	44.4014	0.4262	1.0996	0.2020	44.3796	0.4256	1.0986
35	0.2951	0.0000	0.0122	0.4049	29.4087	0.0889	0.3632	0.4049	29.4087	0.0889	0.3631
36	0.4910	0.0332	1.0119	0.1933	44.3908	0.3279	1.1483	0.1936	44.3777	0.3258	1.1460
37	0.3958	0.2077	0.7684	0.1782	37.7442	0.3167	1.0592	0.1783	37.7397	0.3157	1.0582
38	0.6028	0.0148	1.6966	0.1568	53.8957	0.7196	1.7186	0.1571	53.9136	0.7174	1.7163
39	0.5312	0.0189	1.3845	0.1829	52.0666	0.4904	1.4235	0.1830	52.0675	0.4897	1.4227
40	0.5681	0.0264	1.4434	0.1444	43.2929	0.7225	1.4987	0.1444	43.2388	0.7218	1.4971
41	0.1854	0.0000	0.0047	0.6750	18.4317	0.0356	0.1365	0.6777	18.4229	0.0352	0.1359
42	0.5917	0.1027	1.4786	0.1764	58.8533	0.4929	1.6682	0.1765	58.8309	0.4918	1.6663
43	0.5451	0.0161	1.2887	0.1839	48.5522	0.5181	1.3202	0.1840	48.5314	0.5168	1.3186
44	0.5424	0.0190	1.4403	0.1965	57.7802	0.5572	1.4705	0.1967	57.7825	0.5552	1.4689
45	0.4722	0.0403	1.4244	0.1524	45.2367	0.6395	1.4838	0.1526	45.2254	0.6379	1.4821
46	0.4451	0.0487	1.0035	0.1988	42.9989	0.4169	1.0814	0.1990	42.9917	0.4159	1.0801
47	0.4799	0.0229	1.0574	0.2162	48.6003	0.4308	1.1238	0.2165	48.5941	0.4294	1.1222
48	0.5403	0.0307	1.3356	0.1737	50.6434	0.5405	1.4582	0.1737	50.6251	0.5397	1.4573
49	0.6479	0.0147	1.9369	0.1526	60.1061	0.7848	1.9691	0.1527	60.0911	0.7833	1.9675
50	0.3715	0.0433	0.7353	0.2657	40.9991	0.1929	0.7715	0.2658	40.9985	0.1927	0.7713
51	0.5819	0.0310	1.5446	0.1774	56.6203	0.5828	1.5959	0.1776	56.6300	0.5812	1.5944
52	0.5611	0.0305	1.4172	0.1675	49.6191	0.6583	1.4808	0.1677	49.6446	0.6567	1.4797
53	0.2083	0.0449	0.2410	0.4185	29.1922	0.0724	0.3488	0.4184	29.1891	0.0724	0.3488
54	0.5819	0.0200	1.4900	0.1362	41.3864	0.7628	1.5194	0.1365	41.4042	0.7604	1.5171
55	0.3972	0.2408	0.4635	0.2885	37.5051	0.1956	0.6500	0.2884	37.4751	0.1956	0.6498
56	0.1986	0.0000	0.0056	0.7221	25.8262	0.0610	0.1788	0.7220	25.8167	0.0610	0.1788
57	0.6194	0.0531	1.7008	0.1489	53.9018	0.7275	1.8097	0.1490	53.8817	0.7254	1.8075
58	0.6250	0.0217	1.7722	0.1287	46.9005	0.9615	1.8226	0.1288	46.8715	0.9588	1.8197
59	0.5312	0.2383	0.9509	0.1775	45.8450	0.3409	1.2916	0.1775	45.8310	0.3401	1.2908
60	0.6160	0.0172	1.7697	0.1773	64.1754	0.6262	1.8101	0.1774	64.1591	0.6248	1.8084
61	0.6243	0.0412	1.6503	0.1503	53.0031	0.6736	1.7633	0.1504	52.9666	0.6723	1.7612
62	0.5465	0.0155	1.4300	0.1577	46.1186	0.6024	1.4620	0.1578	46.0737	0.6007	1.4599
63	0.5910	0.0171	1.4785	0.1604	48.7801	0.7175	1.5203	0.1605	48.7349	0.7157	1.5180
