step	preq_length	mse_floor	identity_baseline	marg_baseline
0	0.171619	0.000594	0.000780	0.070592
1	0.178765	0.000734	0.000962	0.068784
2	0.197438	0.000895	0.001095	0.061115
3	0.207877	0.001052	0.001251	0.055987
4	0.213019	0.001200	0.001421	0.054422
5	0.227136	0.001356	0.001514	0.047116
6	0.227057	0.001529	0.001737	0.047959
7	0.235915	0.001655	0.001840	0.041327
8	0.240975	0.001812	0.001972	0.038934
9	0.241056	0.001973	0.002159	0.040032
10	0.244892	0.002120	0.002300	0.036627
11	0.247898	0.002262	0.002445	0.034829
12	0.250455	0.002408	0.002593	0.032902
13	0.254102	0.002565	0.002759	0.031057
14	0.256044	0.002709	0.002894	0.028978
15	0.257516	0.002834	0.003037	0.027822
16	0.257577	0.002996	0.003185	0.029187
17	0.260315	0.003127	0.003333	0.026491
18	0.261012	0.003290	0.003510	0.025868
19	0.262635	0.003414	0.003664	0.025182
20	0.265104	0.003503	0.003688	0.021849
21	0.266165	0.003658	0.003854	0.021799
22	0.266556	0.003808	0.004014	0.021320
23	0.265846	0.003928	0.004179	0.022995
24	0.268629	0.004042	0.004246	0.019645
25	0.268421	0.004120	0.004347	0.020569
26	0.269953	0.004299	0.004533	0.019312
27	0.271377	0.004346	0.004559	0.017934
28	0.271287	0.004552	0.004789	0.018413
29	0.271070	0.004543	0.004760	0.019373
30	0.272040	0.004745	0.005001	0.018211
31	0.273472	0.004808	0.005035	0.016989
32	0.273921	0.004883	0.005102	0.016510
33	0.275196	0.004951	0.005173	0.015543
34	0.275582	0.005000	0.005200	0.014833
35	0.275570	0.005179	0.005425	0.015265
36	0.275416	0.005247	0.005491	0.015920
37	0.275613	0.005421	0.005682	0.016073
38	0.276725	0.005419	0.005702	0.015948
39	0.276532	0.005509	0.005748	0.014904
40	0.277387	0.005593	0.005830	0.014667
41	0.277651	0.005721	0.005981	0.014275
42	0.278585	0.005690	0.005926	0.013104
43	0.277172	0.005858	0.006148	0.015711
44	0.278291	0.005853	0.006078	0.013855
45	0.279180	0.006041	0.006326	0.013711
46	0.278421	0.006194	0.006518	0.015779
47	0.279689	0.006199	0.006474	0.013317
48	0.278582	0.006370	0.006714	0.015914
49	0.279665	0.006252	0.006521	0.013748
50	0.280607	0.006460	0.006773	0.013216
51	0.280555	0.006578	0.006890	0.013182
52	0.281050	0.006551	0.006847	0.012805
53	0.280296	0.006749	0.007065	0.014420
54	0.281202	0.006821	0.007142	0.013516
55	0.280885	0.006870	0.007197	0.013579
56	0.282317	0.006921	0.007246	0.012347
57	0.282092	0.007015	0.007349	0.013200
58	0.283579	0.007045	0.007369	0.011434
59	0.282270	0.007251	0.007601	0.013532
60	0.283025	0.007168	0.007490	0.012179
61	0.283588	0.007110	0.007453	0.012114
62	0.283414	0.007210	0.007522	0.012307
63	0.283250	0.007565	0.007920	0.013413
64	0.284045	0.007513	0.007859	0.012217
65	0.284311	0.007727	0.008103	0.012343
66	0.284269	0.007568	0.007902	0.012240
67	0.284579	0.007870	0.008261	0.012766
68	0.284572	0.007739	0.008078	0.012002
69	0.285075	0.007877	0.008227	0.011731
70	0.284934	0.008085	0.008466	0.012920
71	0.286443	0.007962	0.008323	0.010625
72	0.285709	0.008132	0.008520	0.012342
73	0.285866	0.008234	0.008624	0.012104
74	0.285875	0.008209	0.008572	0.011795
75	0.285849	0.008266	0.008646	0.011974
76	0.287177	0.008220	0.008566	0.010320
77	0.287034	0.008411	0.008801	0.011293
78	0.288130	0.008519	0.008920	0.010394
79	0.287434	0.008702	0.009123	0.011697
80	0.286747	0.008914	0.009394	0.013525
81	0.288168	0.008641	0.009028	0.010416
82	0.289297	0.008779	0.009198	0.009639
83	0.289059	0.009043	0.009518	0.011095
84	0.288108	0.008757	0.009153	0.010916
85	0.289069	0.008943	0.009377	0.010562
86	0.289380	0.009113	0.009558	0.010681
87	0.288834	0.008958	0.009349	0.010049
88	0.289697	0.009321	0.009819	0.011583
89	0.289164	0.009052	0.009472	0.010304
90	0.288743	0.009129	0.009548	0.011151
91	0.288916	0.009355	0.009827	0.011602
92	0.289166	0.009140	0.009558	0.010583
93	0.290459	0.009456	0.009906	0.010244
94	0.290421	0.009485	0.009961	0.010273
95	0.289978	0.009353	0.009790	0.009842
96	0.290022	0.009227	0.009641	0.009955
97	0.289765	0.009474	0.009925	0.011139
98	0.289716	0.009579	0.010039	0.011203
99	0.290105	0.009278	0.009690	0.009610
100	0.291524	0.009550	0.009996	0.009006
101	0.289522	0.009478	0.009938	0.011599
102	0.290640	0.009704	0.010167	0.010664
103	0.292128	0.010008	0.010511	0.010029
104	0.290599	0.009389	0.009812	0.009724
105	0.291241	0.009710	0.010174	0.010152
106	0.291315	0.009882	0.010365	0.010204
107	0.291467	0.009719	0.010169	0.009661
108	0.290895	0.009704	0.010161	0.010642
109	0.291314	0.009544	0.009962	0.009292
110	0.291125	0.009734	0.010188	0.010217
111	0.291832	0.009743	0.010173	0.009225
112	0.291085	0.009736	0.010205	0.010174
113	0.290568	0.009747	0.010205	0.011087
114	0.291451	0.009803	0.010277	0.010402
115	0.290797	0.009918	0.010416	0.011340
116	0.291799	0.010060	0.010551	0.010364
117	0.290042	0.009834	0.010301	0.012175
118	0.292579	0.010007	0.010495	0.009488
119	0.292367	0.010131	0.010636	0.010113
120	0.290886	0.009964	0.010440	0.011082
121	0.291882	0.010096	0.010605	0.010665
122	0.291938	0.010137	0.010640	0.010783
123	0.291923	0.009995	0.010481	0.010282
124	0.289504	0.009619	0.010044	0.011456
125	0.291727	0.010177	0.010688	0.010617
126	0.291597	0.010105	0.010596	0.010809
127	0.291419	0.009951	0.010415	0.010302
128	0.289550	0.009654	0.010092	0.012139
129	0.292104	0.010071	0.010555	0.010247
130	0.291613	0.009836	0.010279	0.009624
131	0.292224	0.010112	0.010627	0.010499
132	0.291743	0.009814	0.010261	0.009890
133	0.290911	0.009934	0.010407	0.011065
134	0.293193	0.010175	0.010667	0.009447
135	0.292591	0.010258	0.010768	0.010127
136	0.291438	0.010054	0.010537	0.010851
137	0.292461	0.010184	0.010697	0.010105
138	0.291666	0.010068	0.010539	0.010156
139	0.292327	0.010206	0.010700	0.010307
140	0.292514	0.010453	0.011000	0.011302
141	0.291853	0.009971	0.010441	0.010256
142	0.291314	0.009955	0.010418	0.010451
143	0.289351	0.009827	0.010267	0.012592
144	0.291878	0.010340	0.010860	0.011220
145	0.291645	0.010050	0.010543	0.010961
146	0.293223	0.010283	0.010778	0.009360
147	0.291972	0.009825	0.010255	0.009164
148	0.291904	0.010182	0.010693	0.011187
149	0.292006	0.009904	0.010346	0.009144
