gen	best_preq_length	mean_preq_length	best_preq_length	best_preq_gain	best_id_baseline	sigma
0	0.222907	0.080759	0.222907	1.000000	0.000703	0.100000
1	0.244160	0.129983	0.244160	1.000000	0.000900	0.099500
2	0.267019	0.190235	0.267019	1.000000	0.001355	0.099003
3	0.278109	0.233236	0.278109	1.000000	0.001770	0.098507
4	0.285816	0.260502	0.285816	1.000000	0.002214	0.098015
5	0.290982	0.274196	0.290982	1.000000	0.002652	0.097525
6	0.294578	0.284312	0.294578	1.000000	0.002541	0.097037
7	0.295888	0.289768	0.295888	1.000000	0.002538	0.096552
8	0.298474	0.294161	0.298474	1.000000	0.002096	0.096069
9	0.301238	0.296853	0.301238	1.000000	0.002011	0.095589
10	0.303615	0.299423	0.303615	1.000000	0.001531	0.095111
11	0.306515	0.302185	0.306515	1.000000	0.000971	0.094635
12	0.309511	0.304761	0.309511	1.000000	0.000538	0.094162
13	0.311116	0.307350	0.311116	1.000000	0.000196	0.093691
14	0.312245	0.308940	0.312245	1.000000	0.000094	0.093223
15	0.313132	0.311133	0.313132	1.000000	0.000029	0.092757
16	0.313333	0.312232	0.313333	1.000000	0.000016	0.092293
17	0.313378	0.311219	0.313378	1.000000	0.000011	0.091832
18	0.313407	0.310072	0.313407	1.000000	0.000008	0.091372
19	0.313404	0.308816	0.313404	1.000000	0.000010	0.090916
20	0.313410	0.303276	0.313410	1.000000	0.000008	0.090461
21	0.313407	0.309690	0.313407	1.000000	0.000007	0.090009
22	0.313408	0.308132	0.313408	1.000000	0.000006	0.089559
23	0.313408	0.306328	0.313408	1.000000	0.000013	0.089111
24	0.313410	0.306688	0.313410	1.000000	0.000008	0.088665
25	0.313409	0.308225	0.313409	1.000000	0.000009	0.088222
26	0.313405	0.301636	0.313405	1.000000	0.000007	0.087781
27	0.313411	0.305836	0.313411	1.000000	0.000010	0.087342
28	0.313410	0.307442	0.313410	1.000000	0.000008	0.086905
29	0.313404	0.308072	0.313404	1.000000	0.000006	0.086471
30	0.313407	0.303272	0.313407	1.000000	0.000011	0.086038
31	0.313410	0.306364	0.313410	1.000000	0.000010	0.085608
32	0.313407	0.304942	0.313407	1.000000	0.000008	0.085180
33	0.313410	0.306511	0.313410	1.000000	0.000007	0.084754
34	0.313407	0.304349	0.313407	1.000000	0.000010	0.084331
35	0.313405	0.308101	0.313405	1.000000	0.000011	0.083909
36	0.313411	0.302549	0.313411	1.000000	0.000008	0.083489
37	0.313410	0.304128	0.313410	1.000000	0.000012	0.083072
38	0.313410	0.297509	0.313410	1.000000	0.000011	0.082657
39	0.313411	0.306372	0.313411	1.000000	0.000012	0.082243
40	0.313412	0.299219	0.313412	1.000000	0.000008	0.081832
41	0.313405	0.303836	0.313405	1.000000	0.000007	0.081423
42	0.313410	0.307465	0.313410	1.000000	0.000009	0.081016
43	0.313409	0.306577	0.313409	1.000000	0.000010	0.080611
44	0.313408	0.309115	0.313408	1.000000	0.000015	0.080208
45	0.313411	0.302557	0.313411	1.000000	0.000011	0.079807
46	0.313407	0.301702	0.313407	1.000000	0.000015	0.079408
47	0.313411	0.303293	0.313411	1.000000	0.000011	0.079010
48	0.313411	0.300902	0.313411	1.000000	0.000012	0.078615
49	0.313409	0.299971	0.313409	1.000000	0.000011	0.078222
50	0.313409	0.307369	0.313409	1.000000	0.000012	0.077831
51	0.313411	0.300838	0.313411	1.000000	0.000008	0.077442
52	0.313409	0.304982	0.313409	1.000000	0.000009	0.077055
53	0.313407	0.304085	0.313407	1.000000	0.000011	0.076670
54	0.313409	0.296617	0.313409	1.000000	0.000010	0.076286
55	0.313406	0.303378	0.313406	1.000000	0.000008	0.075905
56	0.313410	0.305099	0.313410	1.000000	0.000020	0.075525
57	0.313407	0.307498	0.313407	1.000000	0.000013	0.075148
58	0.313403	0.309935	0.313403	1.000000	0.000016	0.074772
59	0.313410	0.294234	0.313410	1.000000	0.000015	0.074398
60	0.313405	0.296788	0.313405	1.000000	0.000011	0.074026
61	0.313410	0.304969	0.313410	1.000000	0.000014	0.073656
62	0.313410	0.305604	0.313410	1.000000	0.000008	0.073288
63	0.313410	0.302883	0.313410	1.000000	0.000011	0.072921
64	0.313411	0.305757	0.313411	1.000000	0.000009	0.072557
65	0.313407	0.305448	0.313407	1.000000	0.000014	0.072194
66	0.313408	0.301996	0.313408	1.000000	0.000009	0.071833
67	0.313409	0.306641	0.313409	1.000000	0.000009	0.071474
68	0.313411	0.311581	0.313411	1.000000	0.000013	0.071116
69	0.313409	0.304551	0.313409	1.000000	0.000015	0.070761
70	0.313408	0.305653	0.313408	1.000000	0.000009	0.070407
71	0.313410	0.301785	0.313410	1.000000	0.000009	0.070055
72	0.313408	0.307426	0.313408	1.000000	0.000017	0.069705
73	0.313409	0.309980	0.313409	1.000000	0.000016	0.069356
74	0.313407	0.300030	0.313407	1.000000	0.000012	0.069009
75	0.313409	0.307438	0.313409	1.000000	0.000014	0.068664
76	0.313407	0.300827	0.313407	1.000000	0.000014	0.068321
77	0.313410	0.305781	0.313410	1.000000	0.000007	0.067979
78	0.313409	0.305858	0.313409	1.000000	0.000013	0.067639
79	0.313408	0.300888	0.313408	1.000000	0.000011	0.067301
80	0.313409	0.297683	0.313409	1.000000	0.000014	0.066965
81	0.313411	0.303380	0.313411	1.000000	0.000013	0.066630
82	0.313411	0.301647	0.313411	1.000000	0.000014	0.066297
83	0.313409	0.298480	0.313409	1.000000	0.000010	0.065965
84	0.313410	0.305593	0.313410	1.000000	0.000015	0.065635
85	0.313410	0.306175	0.313410	1.000000	0.000012	0.065307
86	0.313411	0.307510	0.313411	1.000000	0.000013	0.064981
87	0.313407	0.306703	0.313407	1.000000	0.000013	0.064656
88	0.313411	0.303516	0.313411	1.000000	0.000009	0.064333
89	0.313408	0.308262	0.313408	1.000000	0.000012	0.064011
90	0.313408	0.305792	0.313408	1.000000	0.000016	0.063691
91	0.313411	0.300397	0.313411	1.000000	0.000014	0.063372
92	0.313409	0.297256	0.313409	1.000000	0.000015	0.063056
93	0.313411	0.301679	0.313411	1.000000	0.000012	0.062740
94	0.313412	0.298159	0.313412	1.000000	0.000008	0.062427
95	0.313412	0.303207	0.313412	1.000000	0.000009	0.062114
96	0.313408	0.311609	0.313408	1.000000	0.000023	0.061804
97	0.313408	0.304066	0.313408	1.000000	0.000012	0.061495
98	0.313411	0.297672	0.313411	1.000000	0.000012	0.061187
99	0.313406	0.304157	0.313406	1.000000	0.000018	0.060881
100	0.313409	0.307251	0.313409	1.000000	0.000009	0.060577
101	0.313409	0.308966	0.313409	1.000000	0.000017	0.060274
102	0.313408	0.305739	0.313408	1.000000	0.000011	0.059973
103	0.313410	0.304986	0.313410	1.000000	0.000009	0.059673
104	0.313407	0.306691	0.313407	1.000000	0.000024	0.059375
105	0.313409	0.303414	0.313409	1.000000	0.000013	0.059078
106	0.313409	0.304202	0.313409	1.000000	0.000014	0.058782
107	0.313408	0.297288	0.313408	1.000000	0.000014	0.058488
108	0.313410	0.297557	0.313410	1.000000	0.000011	0.058196
109	0.313410	0.297516	0.313410	1.000000	0.000007	0.057905
110	0.313409	0.300897	0.313409	1.000000	0.000015	0.057615
111	0.313405	0.304845	0.313405	1.000000	0.000013	0.057327
112	0.313410	0.305797	0.313410	1.000000	0.000013	0.057041
113	0.313408	0.306673	0.313408	1.000000	0.000015	0.056756
114	0.313409	0.304236	0.313409	1.000000	0.000013	0.056472
115	0.313407	0.309049	0.313407	1.000000	0.000008	0.056189
116	0.313409	0.309079	0.313409	1.000000	0.000018	0.055908
117	0.313410	0.301191	0.313410	1.000000	0.000012	0.055629
118	0.313410	0.306636	0.313410	1.000000	0.000014	0.055351
119	0.313409	0.305828	0.313409	1.000000	0.000013	0.055074
120	0.313410	0.301580	0.313410	1.000000	0.000007	0.054799
121	0.313410	0.303892	0.313410	1.000000	0.000013	0.054525
122	0.313407	0.305689	0.313407	1.000000	0.000019	0.054252
123	0.313408	0.308350	0.313408	1.000000	0.000011	0.053981
124	0.313409	0.309561	0.313409	1.000000	0.000009	0.053711
125	0.313410	0.310835	0.313410	1.000000	0.000009	0.053442
126	0.313410	0.306583	0.313410	1.000000	0.000011	0.053175
127	0.313409	0.307481	0.313409	1.000000	0.000017	0.052909
128	0.313410	0.306690	0.313410	1.000000	0.000009	0.052645
129	0.313409	0.305858	0.313409	1.000000	0.000011	0.052381
130	0.313411	0.308269	0.313411	1.000000	0.000015	0.052120
131	0.313410	0.309114	0.313410	1.000000	0.000014	0.051859
132	0.313410	0.312415	0.313410	1.000000	0.000011	0.051600
133	0.313407	0.309954	0.313407	1.000000	0.000018	0.051342
134	0.313409	0.308334	0.313409	1.000000	0.000010	0.051085
135	0.313409	0.303402	0.313409	1.000000	0.000018	0.050830
136	0.313410	0.307920	0.313410	1.000000	0.000018	0.050575
137	0.313411	0.310485	0.313411	1.000000	0.000014	0.050322
138	0.313409	0.308267	0.313409	1.000000	0.000019	0.050071
139	0.313411	0.311586	0.313411	1.000000	0.000010	0.049821
140	0.313410	0.310245	0.313410	1.000000	0.000010	0.049571
141	0.313406	0.309974	0.313406	1.000000	0.000010	0.049324
142	0.313409	0.310767	0.313409	1.000000	0.000011	0.049077
143	0.313411	0.304938	0.313411	1.000000	0.000011	0.048832
144	0.313411	0.306642	0.313411	1.000000	0.000011	0.048587
145	0.313411	0.308985	0.313411	1.000000	0.000010	0.048344
146	0.313411	0.308213	0.313411	1.000000	0.000009	0.048103
147	0.313410	0.310032	0.313410	1.000000	0.000010	0.047862
148	0.313409	0.310814	0.313409	1.000000	0.000008	0.047623
149	0.313411	0.307515	0.313411	1.000000	0.000010	0.047385
150	0.313410	0.310805	0.313410	1.000000	0.000013	0.047148
151	0.313410	0.306291	0.313410	1.000000	0.000011	0.046912
152	0.313409	0.312339	0.313409	1.000000	0.000010	0.046678
153	0.313404	0.308324	0.313404	1.000000	0.000012	0.046444
154	0.313412	0.311530	0.313412	1.000000	0.000011	0.046212
155	0.313407	0.303430	0.313407	1.000000	0.000012	0.045981
156	0.313406	0.308043	0.313406	1.000000	0.000007	0.045751
157	0.313410	0.307094	0.313410	1.000000	0.000012	0.045522
158	0.313411	0.309164	0.313411	1.000000	0.000012	0.045295
159	0.313408	0.306880	0.313408	1.000000	0.000012	0.045068
160	0.313412	0.308353	0.313412	1.000000	0.000010	0.044843
161	0.313411	0.309048	0.313411	1.000000	0.000012	0.044619
162	0.313412	0.304147	0.313412	1.000000	0.000010	0.044396
163	0.313405	0.305542	0.313405	1.000000	0.000009	0.044174
164	0.313408	0.307821	0.313408	1.000000	0.000010	0.043953
165	0.313407	0.308303	0.313407	1.000000	0.000011	0.043733
166	0.313406	0.311249	0.313406	1.000000	0.000014	0.043514
167	0.313409	0.306699	0.313409	1.000000	0.000010	0.043297
168	0.313410	0.305858	0.313410	1.000000	0.000010	0.043080
169	0.313408	0.307516	0.313408	1.000000	0.000012	0.042865
170	0.313411	0.309919	0.313411	1.000000	0.000010	0.042650
171	0.313407	0.306681	0.313407	1.000000	0.000011	0.042437
172	0.313408	0.307493	0.313408	1.000000	0.000012	0.042225
173	0.313410	0.309186	0.313410	1.000000	0.000009	0.042014
174	0.313410	0.303399	0.313410	1.000000	0.000014	0.041804
175	0.313411	0.308256	0.313411	1.000000	0.000008	0.041595
176	0.313410	0.311642	0.313410	1.000000	0.000014	0.041387
177	0.313412	0.307496	0.313412	1.000000	0.000014	0.041180
178	0.313408	0.309946	0.313408	1.000000	0.000016	0.040974
179	0.313407	0.306697	0.313407	1.000000	0.000016	0.040769
180	0.313407	0.307542	0.313407	1.000000	0.000013	0.040565
181	0.313411	0.307213	0.313411	1.000000	0.000014	0.040362
182	0.313406	0.308352	0.313406	1.000000	0.000014	0.040161
183	0.313404	0.306710	0.313404	1.000000	0.000016	0.039960
184	0.313409	0.311526	0.313409	1.000000	0.000014	0.039760
185	0.313412	0.311025	0.313412	1.000000	0.000011	0.039561
186	0.313409	0.310005	0.313409	1.000000	0.000011	0.039363
187	0.313411	0.310804	0.313411	1.000000	0.000011	0.039167
188	0.313410	0.309176	0.313410	1.000000	0.000014	0.038971
189	0.313411	0.309224	0.313411	1.000000	0.000010	0.038776
190	0.313410	0.309101	0.313410	1.000000	0.000013	0.038582
191	0.313408	0.304255	0.313408	1.000000	0.000007	0.038389
192	0.313404	0.306739	0.313404	1.000000	0.000014	0.038197
193	0.313408	0.307368	0.313408	1.000000	0.000016	0.038006
194	0.313410	0.309097	0.313410	1.000000	0.000010	0.037816
195	0.313409	0.309350	0.313409	1.000000	0.000012	0.037627
196	0.313410	0.307531	0.313410	1.000000	0.000009	0.037439
197	0.313409	0.306651	0.313409	1.000000	0.000011	0.037252
198	0.313409	0.311612	0.313409	1.000000	0.000012	0.037066
199	0.313410	0.310433	0.313410	1.000000	0.000014	0.036880
200	0.313407	0.312447	0.313407	1.000000	0.000010	0.036696
201	0.313411	0.311611	0.313411	1.000000	0.000014	0.036512
202	0.313412	0.310023	0.313412	1.000000	0.000009	0.036330
203	0.313410	0.310833	0.313410	1.000000	0.000013	0.036148
204	0.313410	0.312438	0.313410	1.000000	0.000016	0.035967
205	0.313409	0.312444	0.313409	1.000000	0.000012	0.035788
206	0.313408	0.310672	0.313408	1.000000	0.000011	0.035609
207	0.313411	0.311602	0.313411	1.000000	0.000011	0.035431
208	0.313409	0.309135	0.313409	1.000000	0.000013	0.035253
209	0.313409	0.311638	0.313409	1.000000	0.000011	0.035077
210	0.313407	0.309965	0.313407	1.000000	0.000007	0.034902
211	0.313410	0.310855	0.313410	1.000000	0.000012	0.034727
212	0.313411	0.309942	0.313411	1.000000	0.000013	0.034554
213	0.313408	0.310834	0.313408	1.000000	0.000011	0.034381
214	0.313408	0.313295	0.313408	1.000000	0.000012	0.034209
215	0.313411	0.310833	0.313411	1.000000	0.000008	0.034038
216	0.313410	0.310040	0.313410	1.000000	0.000011	0.033868
217	0.313410	0.311670	0.313410	1.000000	0.000016	0.033698
218	0.313407	0.311625	0.313407	1.000000	0.000011	0.033530
219	0.313408	0.307523	0.313408	1.000000	0.000016	0.033362
220	0.313408	0.309053	0.313408	1.000000	0.000012	0.033195
221	0.313413	0.308317	0.313413	1.000000	0.000011	0.033029
222	0.313411	0.311621	0.313411	1.000000	0.000009	0.032864
223	0.313410	0.310799	0.313410	1.000000	0.000010	0.032700
224	0.313406	0.311670	0.313406	1.000000	0.000009	0.032536
225	0.313409	0.309098	0.313409	1.000000	0.000010	0.032374
226	0.313412	0.310821	0.313412	1.000000	0.000015	0.032212
227	0.313404	0.306691	0.313404	1.000000	0.000013	0.032051
228	0.313411	0.310838	0.313411	1.000000	0.000009	0.031891
229	0.313410	0.310762	0.313410	1.000000	0.000009	0.031731
230	0.313411	0.308357	0.313411	1.000000	0.000013	0.031572
231	0.313408	0.310827	0.313408	1.000000	0.000010	0.031415
232	0.313410	0.311643	0.313410	1.000000	0.000011	0.031258
233	0.313409	0.312392	0.313409	1.000000	0.000009	0.031101
234	0.313407	0.310766	0.313407	1.000000	0.000011	0.030946
235	0.313409	0.310011	0.313409	1.000000	0.000012	0.030791
236	0.313409	0.308039	0.313409	1.000000	0.000014	0.030637
237	0.313409	0.309184	0.313409	1.000000	0.000013	0.030484
238	0.313412	0.311664	0.313412	1.000000	0.000008	0.030331
239	0.313409	0.309884	0.313409	1.000000	0.000010	0.030180
240	0.313410	0.311599	0.313410	1.000000	0.000012	0.030029
241	0.313410	0.312453	0.313410	1.000000	0.000016	0.029879
242	0.313412	0.308357	0.313412	1.000000	0.000016	0.029729
243	0.313410	0.310793	0.313410	1.000000	0.000009	0.029581
244	0.313411	0.310782	0.313411	1.000000	0.000008	0.029433
245	0.313411	0.310827	0.313411	1.000000	0.000008	0.029286
246	0.313410	0.310872	0.313410	1.000000	0.000014	0.029139
247	0.313411	0.311528	0.313411	1.000000	0.000008	0.028994
248	0.313410	0.312530	0.313410	1.000000	0.000011	0.028849
249	0.313413	0.311649	0.313413	1.000000	0.000007	0.028704
250	0.313409	0.311586	0.313409	1.000000	0.000008	0.028561
251	0.313408	0.310026	0.313408	1.000000	0.000014	0.028418
252	0.313411	0.312512	0.313411	1.000000	0.000011	0.028276
253	0.313410	0.312487	0.313410	1.000000	0.000019	0.028135
254	0.313408	0.311634	0.313408	1.000000	0.000011	0.027994
255	0.313411	0.310820	0.313411	1.000000	0.000009	0.027854
256	0.313410	0.311637	0.313410	1.000000	0.000010	0.027715
257	0.313411	0.309904	0.313411	1.000000	0.000014	0.027576
258	0.313411	0.311667	0.313411	1.000000	0.000011	0.027438
259	0.313411	0.311641	0.313411	1.000000	0.000007	0.027301
260	0.313408	0.310741	0.313408	1.000000	0.000011	0.027164
261	0.313409	0.309633	0.313409	1.000000	0.000007	0.027029
262	0.313411	0.309106	0.313411	1.000000	0.000011	0.026893
263	0.313411	0.311367	0.313411	1.000000	0.000010	0.026759
264	0.313411	0.313284	0.313411	1.000000	0.000008	0.026625
265	0.313409	0.311590	0.313409	1.000000	0.000008	0.026492
266	0.313411	0.307511	0.313411	1.000000	0.000009	0.026360
267	0.313410	0.311598	0.313410	1.000000	0.000015	0.026228
268	0.313411	0.310784	0.313411	1.000000	0.000011	0.026097
269	0.313408	0.312438	0.313408	1.000000	0.000014	0.025966
270	0.313408	0.310835	0.313408	1.000000	0.000014	0.025836
271	0.313410	0.311451	0.313410	1.000000	0.000009	0.025707
272	0.313411	0.311569	0.313411	1.000000	0.000009	0.025579
273	0.313411	0.313197	0.313411	1.000000	0.000008	0.025451
274	0.313409	0.312492	0.313409	1.000000	0.000011	0.025324
275	0.313412	0.311397	0.313412	1.000000	0.000009	0.025197
276	0.313409	0.310741	0.313409	1.000000	0.000013	0.025071
277	0.313411	0.313261	0.313411	1.000000	0.000009	0.024946
278	0.313408	0.311500	0.313408	1.000000	0.000012	0.024821
279	0.313411	0.310723	0.313411	1.000000	0.000012	0.024697
280	0.313411	0.312418	0.313411	1.000000	0.000013	0.024573
281	0.313410	0.310848	0.313410	1.000000	0.000008	0.024450
282	0.313409	0.312470	0.313409	1.000000	0.000017	0.024328
283	0.313409	0.307476	0.313409	1.000000	0.000011	0.024206
284	0.313412	0.309950	0.313412	1.000000	0.000011	0.024085
285	0.313412	0.312367	0.313412	1.000000	0.000010	0.023965
286	0.313410	0.309138	0.313410	1.000000	0.000013	0.023845
287	0.313410	0.309109	0.313410	1.000000	0.000019	0.023726
288	0.313411	0.313223	0.313411	1.000000	0.000012	0.023607
289	0.313411	0.307367	0.313411	1.000000	0.000010	0.023489
290	0.313409	0.308279	0.313409	1.000000	0.000013	0.023372
291	0.313411	0.307800	0.313411	1.000000	0.000010	0.023255
292	0.313409	0.311618	0.313409	1.000000	0.000006	0.023139
293	0.313411	0.308381	0.313411	1.000000	0.000010	0.023023
294	0.313411	0.311215	0.313411	1.000000	0.000010	0.022908
295	0.313410	0.311429	0.313410	1.000000	0.000008	0.022793
296	0.313409	0.309195	0.313409	1.000000	0.000015	0.022679
297	0.313407	0.311564	0.313407	1.000000	0.000010	0.022566
298	0.313411	0.310679	0.313411	1.000000	0.000009	0.022453
299	0.313411	0.309909	0.313411	1.000000	0.000010	0.022341
300	0.313410	0.312182	0.313410	1.000000	0.000010	0.022229
301	0.313411	0.310868	0.313411	1.000000	0.000010	0.022118
302	0.313412	0.311591	0.313412	1.000000	0.000012	0.022007
303	0.313408	0.311636	0.313408	1.000000	0.000012	0.021897
304	0.313411	0.311644	0.313411	1.000000	0.000010	0.021788
305	0.313412	0.308960	0.313412	1.000000	0.000013	0.021679
306	0.313410	0.311628	0.313410	1.000000	0.000007	0.021571
307	0.313406	0.310017	0.313406	1.000000	0.000011	0.021463
308	0.313409	0.311674	0.313409	1.000000	0.000012	0.021355
309	0.313410	0.312509	0.313410	1.000000	0.000013	0.021249
310	0.313410	0.310708	0.313410	1.000000	0.000011	0.021142
311	0.313409	0.313266	0.313409	1.000000	0.000010	0.021037
312	0.313409	0.312504	0.313409	1.000000	0.000012	0.020932
313	0.313413	0.312479	0.313413	1.000000	0.000008	0.020827
314	0.313411	0.310014	0.313411	1.000000	0.000007	0.020723
315	0.313409	0.310758	0.313409	1.000000	0.000012	0.020619
316	0.313411	0.312322	0.313411	1.000000	0.000009	0.020516
317	0.313410	0.312443	0.313410	1.000000	0.000010	0.020413
318	0.313411	0.309098	0.313411	1.000000	0.000013	0.020311
319	0.313411	0.311551	0.313411	1.000000	0.000007	0.020210
320	0.313409	0.309221	0.313409	1.000000	0.000014	0.020109
321	0.313411	0.312464	0.313411	1.000000	0.000011	0.020008
322	0.313410	0.312468	0.313410	1.000000	0.000010	0.019908
323	0.313410	0.311636	0.313410	1.000000	0.000008	0.019809
324	0.313409	0.312507	0.313409	1.000000	0.000011	0.019710
325	0.313411	0.312510	0.313411	1.000000	0.000008	0.019611
326	0.313411	0.312495	0.313411	1.000000	0.000012	0.019513
327	0.313409	0.311283	0.313409	1.000000	0.000010	0.019415
328	0.313411	0.312410	0.313411	1.000000	0.000011	0.019318
329	0.313408	0.311608	0.313408	1.000000	0.000012	0.019222
330	0.313409	0.312462	0.313409	1.000000	0.000011	0.019126
331	0.313409	0.309251	0.313409	1.000000	0.000014	0.019030
332	0.313411	0.313284	0.313411	1.000000	0.000013	0.018935
333	0.313412	0.313317	0.313412	1.000000	0.000011	0.018840
334	0.313411	0.312471	0.313411	1.000000	0.000012	0.018746
335	0.313409	0.310840	0.313409	1.000000	0.000010	0.018652
336	0.313408	0.313198	0.313408	1.000000	0.000007	0.018559
337	0.313410	0.310825	0.313410	1.000000	0.000010	0.018466
338	0.313412	0.311593	0.313412	1.000000	0.000014	0.018374
339	0.313410	0.313326	0.313410	1.000000	0.000011	0.018282
340	0.313412	0.311694	0.313412	1.000000	0.000013	0.018191
341	0.313410	0.313351	0.313410	1.000000	0.000010	0.018100
342	0.313412	0.311663	0.313412	1.000000	0.000011	0.018009
343	0.313410	0.310820	0.313410	1.000000	0.000010	0.017919
344	0.313411	0.312521	0.313411	1.000000	0.000011	0.017830
345	0.313408	0.311713	0.313408	1.000000	0.000018	0.017740
346	0.313410	0.311678	0.313410	1.000000	0.000011	0.017652
347	0.313407	0.310791	0.313407	1.000000	0.000012	0.017563
348	0.313412	0.309236	0.313412	1.000000	0.000015	0.017476
349	0.313409	0.311679	0.313409	1.000000	0.000015	0.017388
350	0.313409	0.311671	0.313409	1.000000	0.000011	0.017301
351	0.313411	0.311647	0.313411	1.000000	0.000009	0.017215
352	0.313411	0.310837	0.313411	1.000000	0.000012	0.017129
353	0.313408	0.310828	0.313408	1.000000	0.000013	0.017043
354	0.313412	0.311663	0.313412	1.000000	0.000008	0.016958
355	0.313410	0.312468	0.313410	1.000000	0.000009	0.016873
356	0.313410	0.313336	0.313410	1.000000	0.000014	0.016789
357	0.313410	0.310809	0.313410	1.000000	0.000011	0.016705
358	0.313409	0.313272	0.313409	1.000000	0.000011	0.016621
359	0.313410	0.309220	0.313410	1.000000	0.000011	0.016538
360	0.313412	0.310874	0.313412	1.000000	0.000012	0.016455
361	0.313409	0.310872	0.313409	1.000000	0.000013	0.016373
362	0.313409	0.312464	0.313409	1.000000	0.000010	0.016291
363	0.313409	0.311688	0.313409	1.000000	0.000011	0.016210
364	0.313410	0.310786	0.313410	1.000000	0.000013	0.016129
365	0.313408	0.311671	0.313408	1.000000	0.000011	0.016048
366	0.313411	0.307505	0.313411	1.000000	0.000011	0.015968
367	0.313410	0.310010	0.313410	1.000000	0.000012	0.015888
368	0.313408	0.310702	0.313408	1.000000	0.000010	0.015809
369	0.313409	0.312519	0.313409	1.000000	0.000009	0.015730
370	0.313411	0.310769	0.313411	1.000000	0.000006	0.015651
371	0.313411	0.309879	0.313411	1.000000	0.000012	0.015573
372	0.313410	0.313251	0.313410	1.000000	0.000017	0.015495
373	0.313410	0.312510	0.313410	1.000000	0.000009	0.015417
374	0.313411	0.312469	0.313411	1.000000	0.000014	0.015340
375	0.313409	0.313292	0.313409	1.000000	0.000011	0.015264
376	0.313410	0.313330	0.313410	1.000000	0.000011	0.015187
377	0.313412	0.311537	0.313412	1.000000	0.000012	0.015111
378	0.313410	0.312480	0.313410	1.000000	0.000007	0.015036
379	0.313412	0.312408	0.313412	1.000000	0.000012	0.014961
380	0.313411	0.310856	0.313411	1.000000	0.000012	0.014886
381	0.313411	0.312451	0.313411	1.000000	0.000014	0.014811
382	0.313409	0.313298	0.313409	1.000000	0.000012	0.014737
383	0.313410	0.312076	0.313410	1.000000	0.000011	0.014664
384	0.313410	0.311692	0.313410	1.000000	0.000013	0.014590
385	0.313412	0.312493	0.313412	1.000000	0.000011	0.014517
386	0.313412	0.312472	0.313412	1.000000	0.000011	0.014445
387	0.313412	0.310036	0.313412	1.000000	0.000009	0.014372
388	0.313411	0.311707	0.313411	1.000000	0.000012	0.014301
389	0.313409	0.311575	0.313409	1.000000	0.000010	0.014229
390	0.313410	0.311684	0.313410	1.000000	0.000009	0.014158
391	0.313411	0.311654	0.313411	1.000000	0.000008	0.014087
392	0.313408	0.312108	0.313408	1.000000	0.000007	0.014017
393	0.313409	0.310844	0.313409	1.000000	0.000017	0.013947
394	0.313409	0.311624	0.313409	1.000000	0.000014	0.013877
395	0.313411	0.312431	0.313411	1.000000	0.000009	0.013808
396	0.313412	0.310658	0.313412	1.000000	0.000014	0.013739
397	0.313409	0.310855	0.313409	1.000000	0.000009	0.013670
398	0.313409	0.309199	0.313409	1.000000	0.000018	0.013601
399	0.313408	0.309199	0.313408	1.000000	0.000015	0.013533
400	0.313409	0.307543	0.313409	1.000000	0.000011	0.013466
401	0.313411	0.310719	0.313411	1.000000	0.000014	0.013398
402	0.313411	0.312414	0.313411	1.000000	0.000009	0.013331
403	0.313411	0.309881	0.313411	1.000000	0.000012	0.013265
404	0.313410	0.312500	0.313410	1.000000	0.000014	0.013199
405	0.313410	0.310819	0.313410	1.000000	0.000013	0.013133
406	0.313408	0.308386	0.313408	1.000000	0.000008	0.013067
407	0.313407	0.311675	0.313407	1.000000	0.000012	0.013002
408	0.313408	0.310858	0.313408	1.000000	0.000015	0.012937
409	0.313408	0.310851	0.313408	1.000000	0.000011	0.012872
410	0.313413	0.312426	0.313413	1.000000	0.000012	0.012807
411	0.313409	0.313317	0.313409	1.000000	0.000012	0.012743
412	0.313408	0.313312	0.313408	1.000000	0.000010	0.012680
413	0.313411	0.312508	0.313411	1.000000	0.000009	0.012616
414	0.313410	0.312430	0.313410	1.000000	0.000014	0.012553
415	0.313412	0.312505	0.313412	1.000000	0.000011	0.012490
416	0.313408	0.312342	0.313408	1.000000	0.000010	0.012428
417	0.313411	0.312470	0.313411	1.000000	0.000010	0.012366
418	0.313412	0.312441	0.313412	1.000000	0.000009	0.012304
419	0.313407	0.311690	0.313407	1.000000	0.000016	0.012243
420	0.313410	0.311703	0.313410	1.000000	0.000014	0.012181
421	0.313412	0.313320	0.313412	1.000000	0.000011	0.012120
422	0.313411	0.313263	0.313411	1.000000	0.000015	0.012060
423	0.313412	0.310837	0.313412	1.000000	0.000011	0.012000
424	0.313411	0.311631	0.313411	1.000000	0.000012	0.011940
425	0.313409	0.313183	0.313409	1.000000	0.000015	0.011880
426	0.313410	0.313314	0.313410	1.000000	0.000011	0.011820
427	0.313411	0.313332	0.313411	1.000000	0.000018	0.011761
428	0.313411	0.312400	0.313411	1.000000	0.000009	0.011702
429	0.313410	0.312489	0.313410	1.000000	0.000012	0.011644
430	0.313411	0.312368	0.313411	1.000000	0.000014	0.011586
431	0.313412	0.313344	0.313412	1.000000	0.000009	0.011528
432	0.313407	0.311614	0.313407	1.000000	0.000010	0.011470
433	0.313411	0.312472	0.313411	1.000000	0.000007	0.011413
434	0.313410	0.312507	0.313410	1.000000	0.000009	0.011356
435	0.313412	0.313339	0.313412	1.000000	0.000013	0.011299
436	0.313410	0.313315	0.313410	1.000000	0.000011	0.011243
437	0.313410	0.312479	0.313410	1.000000	0.000010	0.011186
438	0.313410	0.312506	0.313410	1.000000	0.000011	0.011130
439	0.313412	0.311712	0.313412	1.000000	0.000013	0.011075
440	0.313410	0.311677	0.313410	1.000000	0.000013	0.011019
441	0.313409	0.312473	0.313409	1.000000	0.000011	0.010964
442	0.313412	0.310842	0.313412	1.000000	0.000009	0.010909
443	0.313409	0.312490	0.313409	1.000000	0.000012	0.010855
444	0.313410	0.311658	0.313410	1.000000	0.000008	0.010801
445	0.313410	0.311707	0.313410	1.000000	0.000015	0.010747
446	0.313411	0.313264	0.313411	1.000000	0.000008	0.010693
447	0.313411	0.313309	0.313411	1.000000	0.000013	0.010639
448	0.313411	0.313278	0.313411	1.000000	0.000010	0.010586
449	0.313410	0.312372	0.313410	1.000000	0.000017	0.010533
450	0.313410	0.311655	0.313410	1.000000	0.000011	0.010481
451	0.313412	0.311684	0.313412	1.000000	0.000015	0.010428
452	0.313409	0.313251	0.313409	1.000000	0.000009	0.010376
453	0.313410	0.312542	0.313410	1.000000	0.000010	0.010324
454	0.313410	0.313275	0.313410	1.000000	0.000013	0.010273
455	0.313412	0.311714	0.313412	1.000000	0.000013	0.010221
456	0.313410	0.313353	0.313410	1.000000	0.000009	0.010170
457	0.313410	0.313309	0.313410	1.000000	0.000010	0.010119
458	0.313411	0.312523	0.313411	1.000000	0.000015	0.010069
459	0.313409	0.311663	0.313409	1.000000	0.000007	0.010018
460	0.313408	0.313221	0.313408	1.000000	0.000015	0.009968
461	0.313412	0.311696	0.313412	1.000000	0.000007	0.009918
462	0.313411	0.311701	0.313411	1.000000	0.000009	0.009869
463	0.313410	0.313333	0.313410	1.000000	0.000014	0.009819
464	0.313409	0.313253	0.313409	1.000000	0.000011	0.009770
465	0.313408	0.311649	0.313408	1.000000	0.000015	0.009721
466	0.313411	0.310735	0.313411	1.000000	0.000013	0.009673
467	0.313411	0.312425	0.313411	1.000000	0.000010	0.009625
468	0.313411	0.313331	0.313411	1.000000	0.000016	0.009576
469	0.313411	0.311699	0.313411	1.000000	0.000013	0.009529
470	0.313408	0.311676	0.313408	1.000000	0.000014	0.009481
471	0.313405	0.312448	0.313405	1.000000	0.000016	0.009433
472	0.313411	0.311663	0.313411	1.000000	0.000010	0.009386
473	0.313410	0.313287	0.313410	1.000000	0.000008	0.009339
474	0.313412	0.312453	0.313412	1.000000	0.000008	0.009293
475	0.313411	0.312438	0.313411	1.000000	0.000012	0.009246
476	0.313409	0.312503	0.313409	1.000000	0.000010	0.009200
477	0.313411	0.313335	0.313411	1.000000	0.000012	0.009154
478	0.313410	0.312484	0.313410	1.000000	0.000014	0.009108
479	0.313411	0.312505	0.313411	1.000000	0.000013	0.009063
480	0.313410	0.310032	0.313410	1.000000	0.000011	0.009017
481	0.313409	0.310748	0.313409	1.000000	0.000021	0.008972
482	0.313411	0.313328	0.313411	1.000000	0.000015	0.008927
483	0.313413	0.312440	0.313413	1.000000	0.000011	0.008883
484	0.313410	0.312452	0.313410	1.000000	0.000012	0.008838
485	0.313408	0.310067	0.313408	1.000000	0.000016	0.008794
486	0.313410	0.311613	0.313410	1.000000	0.000010	0.008750
487	0.313410	0.311699	0.313410	1.000000	0.000009	0.008706
488	0.313411	0.312495	0.313411	1.000000	0.000013	0.008663
489	0.313409	0.313305	0.313409	1.000000	0.000013	0.008620
490	0.313412	0.313284	0.313412	1.000000	0.000011	0.008576
491	0.313412	0.312488	0.313412	1.000000	0.000011	0.008534
492	0.313411	0.311976	0.313411	1.000000	0.000009	0.008491
493	0.313412	0.311687	0.313412	1.000000	0.000009	0.008448
494	0.313412	0.310837	0.313412	1.000000	0.000011	0.008406
495	0.313410	0.310757	0.313410	1.000000	0.000012	0.008364
496	0.313412	0.312486	0.313412	1.000000	0.000008	0.008322
497	0.313411	0.312518	0.313411	1.000000	0.000015	0.008281
498	0.313411	0.312692	0.313411	1.000000	0.000009	0.008239
499	0.313409	0.313305	0.313409	1.000000	0.000010	0.008198
500	0.313412	0.313338	0.313412	1.000000	0.000010	0.008157
501	0.313412	0.313291	0.313412	1.000000	0.000011	0.008116
502	0.313412	0.311658	0.313412	1.000000	0.000013	0.008076
503	0.313409	0.311695	0.313409	1.000000	0.000020	0.008035
504	0.313412	0.311652	0.313412	1.000000	0.000010	0.007995
505	0.313410	0.310738	0.313410	1.000000	0.000010	0.007955
506	0.313411	0.313130	0.313411	1.000000	0.000009	0.007916
507	0.313411	0.313325	0.313411	1.000000	0.000012	0.007876
508	0.313410	0.311551	0.313410	1.000000	0.000012	0.007837
509	0.313409	0.312491	0.313409	1.000000	0.000015	0.007797
510	0.313410	0.312534	0.313410	1.000000	0.000013	0.007758
511	0.313411	0.310887	0.313411	1.000000	0.000008	0.007720
512	0.313410	0.311676	0.313410	1.000000	0.000014	0.007681
513	0.313411	0.312489	0.313411	1.000000	0.000011	0.007643
514	0.313410	0.310844	0.313410	1.000000	0.000010	0.007604
515	0.313412	0.311687	0.313412	1.000000	0.000012	0.007566
516	0.313410	0.313315	0.313410	1.000000	0.000011	0.007529
517	0.313411	0.313334	0.313411	1.000000	0.000014	0.007491
518	0.313410	0.312441	0.313410	1.000000	0.000012	0.007453
519	0.313410	0.312522	0.313410	1.000000	0.000015	0.007416
520	0.313410	0.312517	0.313410	1.000000	0.000013	0.007379
521	0.313410	0.312431	0.313410	1.000000	0.000010	0.007342
522	0.313411	0.313255	0.313411	1.000000	0.000011	0.007305
523	0.313411	0.312479	0.313411	1.000000	0.000011	0.007269
524	0.313410	0.313323	0.313410	1.000000	0.000012	0.007233
525	0.313410	0.313273	0.313410	1.000000	0.000011	0.007196
526	0.313409	0.311651	0.313409	1.000000	0.000010	0.007160
527	0.313410	0.311673	0.313410	1.000000	0.000009	0.007125
528	0.313411	0.310701	0.313411	1.000000	0.000012	0.007089
529	0.313410	0.311691	0.313410	1.000000	0.000010	0.007054
530	0.313410	0.312514	0.313410	1.000000	0.000014	0.007018
531	0.313411	0.310881	0.313411	1.000000	0.000014	0.006983
532	0.313409	0.311674	0.313409	1.000000	0.000014	0.006948
533	0.313412	0.312466	0.313412	1.000000	0.000009	0.006914
534	0.313410	0.313278	0.313410	1.000000	0.000015	0.006879
535	0.313412	0.311711	0.313412	1.000000	0.000008	0.006845
536	0.313412	0.311700	0.313412	1.000000	0.000008	0.006810
537	0.313411	0.310897	0.313411	1.000000	0.000017	0.006776
538	0.313410	0.311664	0.313410	1.000000	0.000012	0.006742
539	0.313409	0.312484	0.313409	1.000000	0.000012	0.006709
540	0.313408	0.312447	0.313408	1.000000	0.000014	0.006675
541	0.313411	0.312499	0.313411	1.000000	0.000014	0.006642
542	0.313410	0.311635	0.313410	1.000000	0.000013	0.006609
543	0.313410	0.310031	0.313410	1.000000	0.000011	0.006576
544	0.313407	0.310844	0.313407	1.000000	0.000011	0.006543
545	0.313409	0.310807	0.313409	1.000000	0.000013	0.006510
546	0.313411	0.312449	0.313411	1.000000	0.000009	0.006477
547	0.313409	0.313318	0.313409	1.000000	0.000009	0.006445
548	0.313409	0.311699	0.313409	1.000000	0.000012	0.006413
549	0.313410	0.311511	0.313410	1.000000	0.000019	0.006381
550	0.313409	0.312844	0.313409	1.000000	0.000019	0.006349
551	0.313409	0.313272	0.313409	1.000000	0.000008	0.006317
552	0.313412	0.312499	0.313412	1.000000	0.000012	0.006286
553	0.313412	0.310841	0.313412	1.000000	0.000015	0.006254
554	0.313409	0.310730	0.313409	1.000000	0.000010	0.006223
555	0.313412	0.310841	0.313412	1.000000	0.000010	0.006192
556	0.313409	0.310784	0.313409	1.000000	0.000010	0.006161
557	0.313411	0.312498	0.313411	1.000000	0.000012	0.006130
558	0.313411	0.312353	0.313411	1.000000	0.000013	0.006099
559	0.313408	0.312506	0.313408	1.000000	0.000022	0.006069
560	0.313410	0.311695	0.313410	1.000000	0.000013	0.006038
561	0.313410	0.311617	0.313410	1.000000	0.000013	0.006008
562	0.313410	0.311688	0.313410	1.000000	0.000017	0.005978
563	0.313409	0.312491	0.313409	1.000000	0.000013	0.005948
564	0.313412	0.311658	0.313412	1.000000	0.000012	0.005919
565	0.313411	0.313314	0.313411	1.000000	0.000010	0.005889
566	0.313410	0.313321	0.313410	1.000000	0.000013	0.005860
567	0.313410	0.313318	0.313410	1.000000	0.000008	0.005830
568	0.313410	0.312515	0.313410	1.000000	0.000014	0.005801
569	0.313412	0.312527	0.313412	1.000000	0.000007	0.005772
570	0.313411	0.312497	0.313411	1.000000	0.000010	0.005743
571	0.313411	0.313285	0.313411	1.000000	0.000014	0.005715
572	0.313412	0.313322	0.313412	1.000000	0.000014	0.005686
573	0.313411	0.313323	0.313411	1.000000	0.000011	0.005658
574	0.313411	0.312506	0.313411	1.000000	0.000013	0.005629
575	0.313412	0.311698	0.313412	1.000000	0.000011	0.005601
576	0.313408	0.313274	0.313408	1.000000	0.000016	0.005573
577	0.313410	0.313313	0.313410	1.000000	0.000011	0.005545
578	0.313409	0.313334	0.313409	1.000000	0.000011	0.005517
579	0.313411	0.313308	0.313411	1.000000	0.000015	0.005490
580	0.313410	0.313239	0.313410	1.000000	0.000012	0.005462
581	0.313412	0.313341	0.313412	1.000000	0.000010	0.005435
582	0.313410	0.313071	0.313410	1.000000	0.000011	0.005408
583	0.313410	0.313329	0.313410	1.000000	0.000009	0.005381
584	0.313411	0.312531	0.313411	1.000000	0.000013	0.005354
585	0.313410	0.312489	0.313410	1.000000	0.000014	0.005327
586	0.313410	0.311704	0.313410	1.000000	0.000012	0.005301
587	0.313411	0.312534	0.313411	1.000000	0.000010	0.005274
588	0.313411	0.311640	0.313411	1.000000	0.000010	0.005248
589	0.313410	0.313342	0.313410	1.000000	0.000009	0.005221
590	0.313412	0.312530	0.313412	1.000000	0.000012	0.005195
591	0.313411	0.311720	0.313411	1.000000	0.000011	0.005169
592	0.313409	0.313272	0.313409	1.000000	0.000011	0.005144
593	0.313411	0.313298	0.313411	1.000000	0.000009	0.005118
594	0.313410	0.313352	0.313410	1.000000	0.000009	0.005092
595	0.313410	0.311702	0.313410	1.000000	0.000015	0.005067
596	0.313410	0.313310	0.313410	1.000000	0.000008	0.005041
597	0.313411	0.312526	0.313411	1.000000	0.000015	0.005016
598	0.313409	0.313330	0.313409	1.000000	0.000013	0.004991
599	0.313409	0.313328	0.313409	1.000000	0.000009	0.004966
